UserID,UserFName,UserLName,PhoneNumber,email,DOB,BankAccInfo,UserType
1,Winslow,Katz,564-136-4963,wkatz0@dell.com,1/13/2011,Bank IIII-2345-6789,C
2,Ruy,Birtchnell,596-459-6030,rbirtchnell1@ucsd.edu,,Bank HHHH-3456-7890,D
3,Cristian,Madden,386-729-0695,cmadden2@fc2.com,10/2/2016,Bank HHHH-3456-7890,C
4,Ward,Cinelli,666-266-2197,wcinelli3@miibeian.gov.cn,12/6/2022,Bank ABCD-1234-5678,C
5,Monti,Northall,540-532-2553,mnorthall4@biglobe.ne.jp,4/3/2015,Bank ZZZZ-ZZZZ-ZZZZ,D
6,Violetta,Willshere,494-432-9048,vwillshere5@seattletimes.com,11/9/2023,Bank WXYZ-5678-9012,D
7,Issiah,Bisseker,979-559-6511,ibisseker6@reuters.com,8/23/2000,Bank HHHH-3456-7890,D
8,Susanetta,Edgeon,303-117-5457,sedgeon7@technorati.com,12/10/2004,Bank ABCD-1234-5678,C
9,Minette,Buterton,941-685-3263,mbuterton8@goo.gl,,Bank YYYY-YYYY-YYYY,C
10,Elroy,Dronsfield,322-611-2302,edronsfield9@cyberchimps.com,8/21/2015,Bank WXYZ-5678-9012,C
11,Pernell,Doswell,295-982-4798,pdoswella@cmu.edu,9/11/2003,Bank GGGG-9876-5432,C
12,Karleen,Persey,889-636-5609,kperseyb@about.com,,Bank YYYY-YYYY-YYYY,C
13,Sven,Winpenny,542-594-2447,swinpennyc@a8.net,12/28/2016,Bank WXYZ-5678-9012,D
14,Nana,Prestige,612-326-5210,nprestiged@bloglovin.com,12/16/2008,Bank IIII-2345-6789,D
15,Meir,Raubenheimers,319-644-4666,mraubenheimerse@woothemes.com,9/28/2006,Bank HHHH-3456-7890,C
16,Daisy,Alentyev,738-952-8244,dalentyevf@google.it,4/3/2020,Bank ABCD-1234-5678,D
17,Saw,Elgie,641-662-9712,selgieg@slideshare.net,,Bank ZZZZ-ZZZZ-ZZZZ,C
18,Kathryne,Arboine,557-423-3264,karboineh@cam.ac.uk,9/7/2021,Bank ABCD-1234-5678,D
19,Chere,Keele,861-816-2658,ckeelei@paginegialle.it,,Bank XXXX-XXXX-XXXX,C
20,Linn,Huckstepp,537-338-3608,lhucksteppj@taobao.com,11/6/2015,Bank HHHH-3456-7890,D
21,Purcell,Hindenburg,951-393-3793,phindenburgk@uiuc.edu,6/5/2011,Bank YYYY-YYYY-YYYY,C
22,Max,Ragat,453-330-1229,mragatl@devhub.com,1/18/2003,Bank IIII-2345-6789,C
23,Leroy,Mateo,861-131-7838,lmateom@goo.ne.jp,3/11/2013,Bank ABCD-1234-5678,D
24,Ramsay,Divisek,152-786-3807,rdivisekn@myspace.com,10/8/2006,Bank EEEE-5678-9012,C
25,Linoel,Luparto,460-367-2331,llupartoo@amazon.co.uk,5/21/2008,Bank IIII-2345-6789,C
26,Vivyanne,Schnitter,970-271-7391,vschnitterp@dailymail.co.uk,,Bank GGGG-9876-5432,D
27,Holden,Rheam,943-832-6246,hrheamq@yelp.com,12/10/2006,Bank ZZZZ-ZZZZ-ZZZZ,D
28,Chester,Slay,186-580-0052,cslayr@mit.edu,2/5/2013,Bank EEEE-5678-9012,C
29,Bengt,Dabell,924-401-0688,bdabells@moonfruit.com,10/29/2005,Bank ZZZZ-ZZZZ-ZZZZ,C
30,Fifi,Lynn,232-102-2964,flynnt@phoca.cz,12/17/2006,Bank XXXX-XXXX-XXXX,D
31,Bendick,Antonsen,505-612-3132,bantonsenu@aboutads.info,8/24/2010,Bank WXYZ-5678-9012,D
32,Morgan,Topper,422-886-3057,mtopperv@vimeo.com,1/16/2011,Bank EEEE-5678-9012,D
33,Camila,Coatman,980-812-5807,ccoatmanw@bravesites.com,5/18/2003,Bank HHHH-3456-7890,D
34,Leoline,Draayer,518-630-3738,ldraayerx@etsy.com,2/16/2013,Bank YYYY-YYYY-YYYY,C
35,Maurene,Gasparro,720-945-4280,mgasparroy@cpanel.net,3/19/2023,Bank FFFF-1234-5678,D
36,Inez,Luetkemeyers,166-890-3764,iluetkemeyersz@blogger.com,,Bank YYYY-YYYY-YYYY,D
37,Babara,Wilfinger,726-482-4624,bwilfinger10@csmonitor.com,,Bank YYYY-YYYY-YYYY,D
38,Jase,Jurisic,820-320-5247,jjurisic11@sina.com.cn,4/13/2014,Bank IIII-2345-6789,C
39,Silvano,Cutchie,559-526-9312,scutchie12@gov.uk,7/10/2013,Bank YYYY-YYYY-YYYY,D
40,Darsey,Summerhayes,502-561-4734,dsummerhayes13@plala.or.jp,11/2/2013,Bank ZZZZ-ZZZZ-ZZZZ,D
41,Sutherland,Keneleyside,972-910-1955,skeneleyside14@diigo.com,11/17/2002,Bank ABCD-1234-5678,D
42,Natalie,Gonzales,727-998-0432,ngonzales15@microsoft.com,,Bank WXYZ-5678-9012,D
43,Ferd,Topper,856-884-2988,ftopper16@i2i.jp,12/25/2018,Bank HHHH-3456-7890,D
44,Philippine,Jerrems,154-726-2783,pjerrems17@yandex.ru,2/18/2007,Bank YYYY-YYYY-YYYY,D
45,Adolf,Matessian,440-604-8548,amatessian18@youku.com,4/7/2003,Bank HHHH-3456-7890,C
46,Garfield,Mosby,219-589-8061,gmosby19@about.me,6/30/2013,Bank HHHH-3456-7890,D
47,Ferrel,Diamond,338-353-8753,fdiamond1a@yelp.com,10/9/2005,Bank HHHH-3456-7890,D
48,Millicent,Tomsu,414-757-5491,mtomsu1b@tuttocitta.it,7/5/2017,Bank FFFF-1234-5678,C
49,Illa,Scapelhorn,924-873-1132,iscapelhorn1c@army.mil,,Bank EEEE-5678-9012,D
50,Davita,Lynthal,741-969-7923,dlynthal1d@seesaa.net,1/11/2002,Bank HHHH-3456-7890,D
51,Olwen,Brenton,220-172-9024,obrenton1e@vimeo.com,,Bank YYYY-YYYY-YYYY,D
52,Katharine,Edger,218-475-3920,kedger1f@dell.com,8/26/2023,Bank GGGG-9876-5432,C
53,Melisse,Eliet,836-995-3108,meliet1g@ftc.gov,7/11/2012,Bank EEEE-5678-9012,D
54,Bar,Gell,417-553-4687,bgell1h@sourceforge.net,1/19/2006,Bank GGGG-9876-5432,C
55,Jessa,Grainger,108-435-6417,jgrainger1i@wired.com,5/17/2013,Bank ZZZZ-ZZZZ-ZZZZ,C
56,Siusan,Cockling,380-517-2777,scockling1j@weather.com,6/8/2011,Bank HHHH-3456-7890,C
57,Quintana,Dulany,214-280-4119,qdulany1k@webnode.com,,Bank FFFF-1234-5678,C
58,Orsola,Starrs,946-365-4165,ostarrs1l@moonfruit.com,,Bank HHHH-3456-7890,C
59,Fabien,Bolley,222-662-7039,fbolley1m@histats.com,6/6/2019,Bank YYYY-YYYY-YYYY,D
60,Kevan,Toplin,866-621-4625,ktoplin1n@soup.io,7/21/2007,Bank ABCD-1234-5678,C
61,Laryssa,Pulteneye,416-157-3176,lpulteneye1o@phpbb.com,,Bank IIII-2345-6789,C
62,Tully,Nerney,930-482-3396,tnerney1p@economist.com,3/24/2010,Bank HHHH-3456-7890,C
63,Tedmund,Jemmison,520-881-5526,tjemmison1q@domainmarket.com,5/17/2023,Bank GGGG-9876-5432,C
64,Randene,Neasham,600-518-5626,rneasham1r@list-manage.com,10/1/2018,Bank ZZZZ-ZZZZ-ZZZZ,C
65,Alyda,Shrubsall,686-270-0489,ashrubsall1s@fc2.com,,Bank HHHH-3456-7890,D
66,Cissiee,Blesli,262-271-9245,cblesli1t@topsy.com,8/24/2000,Bank YYYY-YYYY-YYYY,C
67,Nerita,Lavington,149-840-3308,nlavington1u@imdb.com,5/16/2006,Bank WXYZ-5678-9012,C
68,Mickie,Haisell,278-566-4225,mhaisell1v@auda.org.au,8/26/2016,Bank ABCD-1234-5678,C
69,Christabella,Muat,836-328-5808,cmuat1w@boston.com,1/6/2005,Bank GGGG-9876-5432,C
70,Bord,Piele,270-327-5188,bpiele1x@bizjournals.com,6/11/2007,Bank EEEE-5678-9012,C
71,Nerti,Janicijevic,975-227-6533,njanicijevic1y@rediff.com,10/16/2011,Bank FFFF-1234-5678,D
72,Latrina,Farries,325-525-2433,lfarries1z@illinois.edu,3/2/2020,Bank ZZZZ-ZZZZ-ZZZZ,D
73,Corri,Draxford,218-465-4740,cdraxford20@list-manage.com,10/24/2019,Bank HHHH-3456-7890,C
74,Edward,Hayden,196-924-3149,ehayden21@paypal.com,5/26/2022,Bank HHHH-3456-7890,D
75,Guglielmo,Blunkett,568-850-2180,gblunkett22@tmall.com,5/28/2003,Bank WXYZ-5678-9012,D
76,Virginie,Duhig,307-516-6948,vduhig23@yellowbook.com,12/8/2005,Bank HHHH-3456-7890,C
77,Gardener,Margaritelli,834-967-1155,gmargaritelli24@flavors.me,3/31/2011,Bank YYYY-YYYY-YYYY,D
78,Lexine,Van Son,875-140-7981,lvanson25@com.com,,Bank HHHH-3456-7890,C
79,Brier,Usherwood,764-926-2855,busherwood26@merriam-webster.com,,Bank IIII-2345-6789,C
80,Beryle,Pratton,953-919-7856,bpratton27@mit.edu,,Bank GGGG-9876-5432,C
81,Enid,MacNair,487-711-3291,emacnair28@statcounter.com,12/30/2017,Bank GGGG-9876-5432,C
82,Theodora,Cona,449-379-9219,tcona29@livejournal.com,12/16/2000,Bank IIII-2345-6789,C
83,Marcello,Alberti,556-248-1847,malberti2a@mozilla.org,1/10/2006,Bank FFFF-1234-5678,C
84,Bryce,Strauss,697-793-9478,bstrauss2b@usda.gov,9/29/2007,Bank XXXX-XXXX-XXXX,C
85,Danit,Fawcitt,560-629-0627,dfawcitt2c@gizmodo.com,7/13/2019,Bank IIII-2345-6789,D
86,Dell,Toolin,909-123-7476,dtoolin2d@soup.io,1/11/2017,Bank GGGG-9876-5432,D
87,Bale,Cadigan,916-781-2240,bcadigan2e@blogtalkradio.com,9/25/2010,Bank ZZZZ-ZZZZ-ZZZZ,C
88,Lanae,MacIan,776-924-2853,lmacian2f@nsw.gov.au,,Bank GGGG-9876-5432,D
89,Kayley,Mish,950-731-8527,kmish2g@yale.edu,10/21/2006,Bank GGGG-9876-5432,C
90,Gwenneth,Delacourt,474-738-1761,gdelacourt2h@senate.gov,7/7/2018,Bank HHHH-3456-7890,D
91,Ediva,Kopacek,966-935-6009,ekopacek2i@pen.io,6/17/2006,Bank YYYY-YYYY-YYYY,D
92,Rochette,Erskine,166-252-5857,rerskine2j@yahoo.com,3/28/2015,Bank FFFF-1234-5678,C
93,Sue,Reaney,468-690-0277,sreaney2k@ted.com,1/28/2002,Bank EEEE-5678-9012,D
94,Polly,Morfey,535-226-4360,pmorfey2l@weather.com,4/15/2014,Bank ABCD-1234-5678,D
95,Renee,Ivancevic,387-748-3470,rivancevic2m@instagram.com,3/29/2020,Bank ABCD-1234-5678,C
96,Sharlene,Rutigliano,128-144-7854,srutigliano2n@archive.org,8/9/2007,Bank HHHH-3456-7890,D
97,Sibel,Killich,866-267-2191,skillich2o@sourceforge.net,6/24/2001,Bank FFFF-1234-5678,C
98,Georgena,Eubank,263-640-8583,geubank2p@mapquest.com,6/9/2014,Bank HHHH-3456-7890,C
99,Thorpe,Coolican,379-466-1887,tcoolican2q@eventbrite.com,12/26/2000,Bank ZZZZ-ZZZZ-ZZZZ,C
100,Janella,Santo,210-687-4452,jsanto2r@un.org,2/26/2010,Bank WXYZ-5678-9012,D
